reference_id,authors,title,journal,year,volume,citation_footer,citation_type,citation,urls,pubmed_id,doi,header,reference_type,study_id,exclusion_reason,PUBMED_ID_TITLE_AUTHORS,PUBMED_ID_TITLE,PUBMED_ID_S2,N_CITATIONS,S2_PDF_LINK,CORE_PDF_LINK,PUBMED_ID
CD015321-bib-0001,"Aydin I, Gökçay F, Karapolat H, Eraslan S, Bilgen C, Kirazli T, et al. ",Effects of vestibular rehabilitation and pharmacological therapy in patients with vestibular migraine, Neurological Sciences and Neurophysiology ,2020,37,    ,['citation-journal']," Aydin I, Gökçay F, Karapolat H, Eraslan S, Bilgen C, Kirazli T, et al. Effects of vestibular rehabilitation and pharmacological therapy in patients with vestibular migraine.  Neurological Sciences and Neurophysiology 2020;37:110-7. CENTRAL    Link to article     Google Scholar     ","['', 'https://doi.org/10.4103/NSN.NSN_41_20', 'https://scholar.google.com/scholar_lookup?title=Effects+of+vestibular+rehabilitation+and+pharmacological+therapy+in+patients+with+vestibular+migraine+&author=I+Aydin&author=F+Gökçay&author=H+Karapolat&author=S+Eraslan&author=C+Bilgen&author=T+Kirazli&publication_year=2020&hl=en']",,https://doi.org/10.4103/NSN.NSN_41_20, Aydin 2020 {published data only}  ,included,CD015321-bbs2-0001,,,,,5.0,https://doi.org/10.4103/nsn.nsn_41_20,,
CD015321-bib-0002,NCT03417596. ,Vestibular rehabilitation in patients with vestibular migraine,,,,   ,['citation-other'], NCT03417596. Vestibular rehabilitation in patients with vestibular migraine. https://clinicaltrials.gov/ct2/show/NCT03417596 (first received 31 January 2018). CENTRAL    ,[''],,, Aydin 2020 {published data only}  ,included,CD015321-bbs2-0001,,,,,,,,
CD015321-bib-0003,ACTRN12611001086954. ,Cognitive behavioural therapy for vestibular migraine,,,,   ,['citation-other']," ACTRN12611001086954. Cognitive behavioural therapy for vestibular migraine [Assessing the effectiveness of cognitive behavioural therapy to improve migraine frequency, dizziness handicap and quality of life in people with vestibular migraine]. https://www.anzctr.org.au/Trial/Registration/TrialReview.aspx?id=347603 (first received 19 November 2011). CENTRAL    ",[''],,, McPhee 2017 {published data only}ACTRN12611001086954  ,included,CD015321-bbs2-0002,,37042522,,,,,,37042522
CD015321-bib-0004,McPhee I. ,,Investigating the need for and utility of cognitive behavioural therapy for vestibular migraine [PhD thesis],2017,,   ,['citation-book']," McPhee I. Investigating the need for and utility of cognitive behavioural therapy for vestibular migraine [PhD thesis]. Sydney: University of Sydney, 2017. CENTRAL    ",[''],,, McPhee 2017 {published data only}ACTRN12611001086954  ,included,CD015321-bbs2-0002,,34251539,,,,,,34251539
CD015321-bib-0005,ChiCTR2000033771. ,The probiotic Lactobacillus casei Shirota attenuates symptoms of vestibular migraine: a randomized placebo-controlled double-blind clinical trial,,,,   ,['citation-other'], ChiCTR2000033771. The probiotic Lactobacillus casei Shirota attenuates symptoms of vestibular migraine: a randomized placebo-controlled double-blind clinical trial. http://www.chictr.org.cn/showproj.aspx?proj=55025 (first received 11 June 2020). CENTRAL    ,[''],,, Qi 2020 {published data only}  ,included,CD015321-bbs2-0003,,,,,,,,
CD015321-bib-0006,"Qi X, Fan G, Jia H. ",The probiotic Lactobacillus casei Shirota attenuates symptoms of vestibular migraine: a randomised placebo-controlled double-blind clinical trial, Beneficial Microbes ,2020,11,    ,['citation-journal']," Qi X, Fan G, Jia H. The probiotic Lactobacillus casei Shirota attenuates symptoms of vestibular migraine: a randomised placebo-controlled double-blind clinical trial.  Beneficial Microbes 2020;11(5):469-76. CENTRAL [DOI: 10.3920/BM2020.0058]    Link to article     PubMed     Google Scholar     ","['', 'https://doi.org/10.3920/BM2020.0058', 'https://www.ncbi.nlm.nih.gov/pubmed/32865025', 'https://scholar.google.com/scholar_lookup?title=The+probiotic+Lactobacillus+casei+Shirota+attenuates+symptoms+of+vestibular+migraine:+a+randomised+placebo-controlled+double-blind+clinical+trial+&author=X+Qi&author=G+Fan&author=H+Jia&publication_year=2020&hl=en']",32865025,https://doi.org/10.3920/BM2020.0058, Qi 2020 {published data only}  ,included,CD015321-bbs2-0003,,,,32865025,10,,,32865025
CD015321-bib-0007,ACTRN12616000683437. ,A test of the balance system in vestibular migraine,,,,   ,['citation-other'], ACTRN12616000683437. A test of the balance system in vestibular migraine [Diagnostic value of oVEMPs and cVEMPs in patients with vestibular migraine but without Meniere's disease]. https://anzctr.org.au/ACTRN12616000683437.aspx (first received 25 May 2016). CENTRAL    ,[''],,, ACTRN12616000683437 {published data only}  ,excluded,CD015321-bbs2-0004, This study is not an RCT ,,,,,,,
CD015321-bib-0008,"Balci B, Akdal G. ",Outcome of vestibular rehabilitation in vestibular migraine, Journal of Neurology ,2022,269,    ,['citation-journal']," Balci B, Akdal G. Outcome of vestibular rehabilitation in vestibular migraine.  Journal of Neurology 2022;269:6246–53. CENTRAL    Link to article     PubMed     Google Scholar     ","['', 'https://doi.org/10.1007/s00415-022-11250-4', 'https://www.ncbi.nlm.nih.gov/pubmed/35802200', 'https://scholar.google.com/scholar_lookup?title=Outcome+of+vestibular+rehabilitation+in+vestibular+migraine&author=B+Balci&author=G+Akdal&publication_year=2022&hl=en']",35802200,https://doi.org/10.1007/s00415-022-11250-4, Balci 2022 {published data only}  ,excluded,CD015321-bbs2-0005, This is not an RCT; it was an observational cohort study with a pre‐post study design ,35802200,,35802200,18,,,35802200
CD015321-bib-0009,"Byun YJ, Levy DA, Nguyen SA, Brennan E, Rizk HG. ",Treatment of vestibular migraine: a systematic review and meta-analysis, Laryngoscope ,2021,131,    ,['citation-journal']," Byun YJ, Levy DA, Nguyen SA, Brennan E, Rizk HG. Treatment of vestibular migraine: a systematic review and meta-analysis.  Laryngoscope 2021;131(1):186-94. CENTRAL [EMBASE: 2004334398]    Link to article     PubMed     Google Scholar     ","['', 'https://doi.org/10.1002/lary.28546', 'https://www.ncbi.nlm.nih.gov/pubmed/32083732', 'https://scholar.google.com/scholar_lookup?title=Treatment+of+vestibular+migraine:+a+systematic+review+and+meta-analysis&author=YJ+Byun&author=DA+Levy&author=SA+Nguyen&author=E+Brennan&author=HG+Rizk&publication_year=2021&hl=en']",32083732,https://doi.org/10.1002/lary.28546, Byun 2021 {published data only}  ,excluded,CD015321-bbs2-0006, This is a systematic review and meta‐analysis. The reference list has been checked to ensure that any relevant studies have been included in this review.   ,,,32083732,68,,,32083732
CD015321-bib-0010,ChiCTR1800014766. ,Multi-center clinical study of patients with vertigo and migraine,,,,   ,['citation-other'], ChiCTR1800014766. Multi-center clinical study of patients with vertigo and migraine [Clinical characteristics and evaluation of vestibular eye movements in patients with vestibular migraine]. http://www.chictr.org.cn/showproj.aspx?proj=24833 (first received 3 February 2018). CENTRAL    ,[''],,, ChiCTR1800014766 {published data only}  ,excluded,CD015321-bbs2-0007, This study is not an RCT ,,,,,,,
CD015321-bib-0011,CTRI/2022/01/039831. ,Effect of head and neck PNF technique on vestibular migraine,,,,   ,['citation-other'], CTRI/2022/01/039831. Effect of head and neck PNF technique on vestibular migraine. http://www.ctri.nic.in/Clinicaltrials/pmaindet2.php?trialid=62883 (first received 31 January 2022). CENTRAL    ,[''],,, CTRI/2022/01/039831 {published data only}  ,excluded,CD015321-bbs2-0008, This ongoing RCT has an incorrect comparator for inclusion in this review. The control group received an active intervention (head and neck motion exercises).  ,,,,,,,
CD015321-bib-0012,"Hu TY, Hu HT, Chen F, Jiang B, Shen FF, Su YY, et al. ",The efficacy and safety of acupuncture for prophylaxis of vestibular migraine: a study protocol for a randomized controlled trial, Frontiers in Neurology ,2021,12,    ,['citation-journal']," Hu TY, Hu HT, Chen F, Jiang B, Shen FF, Su YY, et al. The efficacy and safety of acupuncture for prophylaxis of vestibular migraine: a study protocol for a randomized controlled trial.  Frontiers in Neurology 2021;12:9. [CENTRAL: CN-02299599] CENTRAL    Link to article     Google Scholar     ","['', 'https://doi.org/10.3389/fneur.2021.709803', 'https://scholar.google.com/scholar_lookup?title=The+efficacy+and+safety+of+acupuncture+for+prophylaxis+of+vestibular+migraine:+a+study+protocol+for+a+randomized+controlled+trial+&author=TY+Hu&author=HT+Hu&author=F+Chen&author=B+Jiang&author=FF+Shen&author=YY+Su&publication_year=2021&hl=en']",,https://doi.org/10.3389/fneur.2021.709803, Hu 2021 {published data only}  ,excluded,CD015321-bbs2-0009," This ongoing study will compare acupuncture to venlafaxine (rather than no treatment or placebo), therefore the comparator is not relevant for this review  ",,,34335460,6,https://www.frontiersin.org/articles/10.3389/fneur.2021.709803/pdf,,34335460
CD015321-bib-0013,"Koc A, Cevizci Akkilic E. ",Effects of vestibular rehabilitation in the management of patients with and without vestibular migraine, Brazilian Journal of Otorhinolaryngology ,2021,88,    ,['citation-journal']," Koc A, Cevizci Akkilic E. Effects of vestibular rehabilitation in the management of patients with and without vestibular migraine.  Brazilian Journal of Otorhinolaryngology 2021;88(Suppl 3):S25-33. CENTRAL [DOI: 10.1016/j.bjorl.2021.07.011]    PubMed     Google Scholar     ","['', 'https://www.ncbi.nlm.nih.gov/pubmed/34799267', 'https://scholar.google.com/scholar_lookup?title=Effects+of+vestibular+rehabilitation+in+the+management+of+patients+with+and+without+vestibular+migraine+&author=A+Koc&author=E+CevizciAkkilic&publication_year=2021&hl=en']",34799267,, Koc 2021 {published data only}  ,excluded,CD015321-bbs2-0010, This study is not an RCT. Participants with vestibular migraine were compared to those with other causes of vestibular dysfunction.   ,34799267,,,,,,34799267
CD015321-bib-0014,Liu Y. ,Observation on the comprehensive efficacy of Chinese dialectical method in the treatment of migrainous vertigo, Clinical Medicine & Engineering ,2013,4,    ,['citation-journal'], Liu Y. Observation on the comprehensive efficacy of Chinese dialectical method in the treatment of migrainous vertigo.  Clinical Medicine & Engineering 2013;4:462-3. [CENTRAL: CN-00994496] CENTRAL    Google Scholar     ,"['', 'https://scholar.google.com/scholar_lookup?title=Observation+on+the+comprehensive+efficacy+of+Chinese+dialectical+method+in+the+treatment+of+migrainous+vertigo+&author=Y+Liu&publication_year=2013&hl=en']",,, Liu 2013 {published data only}  ,excluded,CD015321-bbs2-0011," The treatment used in this study comprised multiple interventions: herbal medications plus massage, followed by physical therapy and traction, therefore was not relevant for this review  ",,,,,,,
CD015321-bib-0015,NCT03979677. ,Effects of lifestyle modification on vestibular migraine,,,,   ,['citation-other'], NCT03979677. Effects of lifestyle modification on vestibular migraine. clinicaltrials.gov/show/NCT03979677 (first received 7 June 2019). CENTRAL    ,[''],,, NCT03979677 {published data only}  ,excluded,CD015321-bbs2-0012, This study is not an RCT ,34325453,,,,,,34325453
CD015321-bib-0016,NCT05508139. ,The role of vestibular rehabilitation therapy in management of vestibular migraine patients,,,,   ,['citation-other'], NCT05508139. The role of vestibular rehabilitation therapy in management of vestibular migraine patients. https://ClinicalTrials.gov/show/NCT05508139 (first received 19 August 2022). CENTRAL    ,[''],,, NCT05508139 {published data only}  ,excluded,CD015321-bbs2-0013," This is an observational cohort study, not an RCT ",,,,,,,
CD015321-bib-0017,"Sun L, Li G, Liu F, Wang Y, Zhang L, Minoret C. ",Resistance exercise relieves symptoms of vestibular migraine patients with MRI diagnosis: a randomized parallel-controlled single-blind clinical trial, Revue Neurologique ,2022,178,    ,['citation-journal']," Sun L, Li G, Liu F, Wang Y, Zhang L, Minoret C. Resistance exercise relieves symptoms of vestibular migraine patients with MRI diagnosis: a randomized parallel-controlled single-blind clinical trial.  Revue Neurologique 2022;178(4):370-6. [CENTRAL: CN-02338574] CENTRAL [EMBASE: 2014824579] [PMID: 34598780]    Link to article     PubMed     Google Scholar     ","['', 'https://doi.org/10.1016/j.neurol.2021.06.008', 'https://www.ncbi.nlm.nih.gov/pubmed/34598780', 'https://scholar.google.com/scholar_lookup?title=Resistance+exercise+relieves+symptoms+of+vestibular+migraine+patients+with+MRI+diagnosis:+a+randomized+parallel-controlled+single-blind+clinical+trial+&author=L+Sun&author=G+Li&author=F+Liu&author=Y+Wang&author=L+Zhang&author=C+Minoret&publication_year=2022&hl=en']",34598780,https://doi.org/10.1016/j.neurol.2021.06.008, Sun 2022 {published data only}  ,excluded,CD015321-bbs2-0014," The intervention in this study (resistance exercise) was compared to a group who received relaxation therapy, rather than no intervention or sham treatment. Therefore the comparator is not relevant for this review.   ",,34598780,34598780,16,,,34598780
CD015321-bib-0018,Zhang Y. ,Clinical observation of migrainous vertigo treated by integrative therapy, Journal of emergency in Traditional Chinese Medicine [Zhong Guo Zhong Yi Ji Zheng] ,2012,21,    ,['citation-journal'], Zhang Y. Clinical observation of migrainous vertigo treated by integrative therapy.  Journal of emergency in Traditional Chinese Medicine [Zhong Guo Zhong Yi Ji Zheng] 2012;21(4):637-8. [CENTRAL: CN-01434663] CENTRAL    Google Scholar     ,"['', 'https://scholar.google.com/scholar_lookup?title=Clinical+observation+of+migrainous+vertigo+treated+by+integrative+therapy&author=Y+Zhang&publication_year=2012&hl=en']",,, Zhang 2012 {published data only}  ,excluded,CD015321-bbs2-0015," The intervention is a traditional Chinese medicine, therefore is not relevant for this review  ",,,,,,,
CD015321-bib-0021,"Bernstein C, Burstein R. ",Sensitization of the trigeminovascular pathway: perspective and implications to migraine pathophysiology, Journal of Clinical Neurology ,2012,8,    ,['citation-journal']," Bernstein C, Burstein R. Sensitization of the trigeminovascular pathway: perspective and implications to migraine pathophysiology.  Journal of Clinical Neurology 2012;8(2):89-99. [DOI: 10.3988/jcn.2012.8.2.89]    Link to article     PubMed     Google Scholar     ","['https://doi.org/10.3988/jcn.2012.8.2.89', 'https://www.ncbi.nlm.nih.gov/pubmed/22787491', 'https://scholar.google.com/scholar_lookup?title=Sensitization+of+the+trigeminovascular+pathway:+perspective+and+implications+to+migraine+pathophysiology+&author=C+Bernstein&author=R+Burstein&publication_year=2012&hl=en']",22787491,https://doi.org/10.3988/jcn.2012.8.2.89, Bernstein 2012 ,additional,CD015321-bbs2-0018,,22787491,22787491,22787491,309,https://doi.org/10.3988/jcn.2012.8.2.89,,22787491
CD015321-bib-0022,Carlisle JB. ,"Data fabrication and other reasons for non-random sampling in 5087 randomised, controlled trials in anaesthetic and general medical journals", Anaesthesia ,2017,72,    ,['citation-journal']," Carlisle JB. Data fabrication and other reasons for non-random sampling in 5087 randomised, controlled trials in anaesthetic and general medical journals.  Anaesthesia 2017;72:944-52.    Link to article     PubMed     Google Scholar     ","['https://doi.org/10.1111/anae.13938', 'https://www.ncbi.nlm.nih.gov/pubmed/28580651', 'https://scholar.google.com/scholar_lookup?title=Data+fabrication+and+other+reasons+for+non-random+sampling+in+5087+randomised,+controlled+trials+in+anaesthetic+and+general+medical+journals+&author=JB+Carlisle&publication_year=2017&hl=en']",28580651,https://doi.org/10.1111/anae.13938, Carlisle 2017 ,additional,CD015321-bbs2-0019,,28580651,28580651,28580651,199,https://onlinelibrary.wiley.com/doi/pdfdirect/10.1111/anae.13938,,28580651
CD015321-bib-0023,"Carvalho GF, Luedtke K, Braun T. ",Minimal important change and responsiveness of the Migraine Disability Assessment Score (MIDAS) questionnaire, Journal of Headache and Pain ,2021,22,    ,['citation-journal']," Carvalho GF, Luedtke K, Braun T. Minimal important change and responsiveness of the Migraine Disability Assessment Score (MIDAS) questionnaire.  Journal of Headache and Pain 2021;22:126.    Link to article     PubMed     Google Scholar     ","['https://doi.org/10.1186/s10194-021-01339-y', 'https://www.ncbi.nlm.nih.gov/pubmed/34674632', 'https://scholar.google.com/scholar_lookup?title=Minimal+important+change+and+responsiveness+of+the+Migraine+Disability+Assessment+Score+(MIDAS)+questionnaire+&author=GF+Carvalho&author=K+Luedtke&author=T+Braun&publication_year=2021&hl=en']",34674632,https://doi.org/10.1186/s10194-021-01339-y, Carvalho 2021 ,additional,CD015321-bbs2-0020,,34674632,,34674632,34,https://thejournalofheadacheandpain.biomedcentral.com/track/pdf/10.1186/s10194-021-01339-y,,34674632
CD015321-bib-0024,"Dieterich M, Brandt T. ",Episodic vertigo related to migraine (90 cases): vestibular migraine?, Journal of Neurology ,1999,246,    ,['citation-journal']," Dieterich M, Brandt T. Episodic vertigo related to migraine (90 cases): vestibular migraine? Journal of Neurology 1999;246(10):883-92. [DOI: 10.1007/s004150050478]    Link to article     PubMed     Google Scholar     ","['https://doi.org/10.1007/s004150050478', 'https://www.ncbi.nlm.nih.gov/pubmed/10552234', 'https://scholar.google.com/scholar_lookup?title=Episodic+vertigo+related+to+migraine+(90+cases):+vestibular+migraine?&author=M+Dieterich&author=T+Brandt&publication_year=1999&hl=en']",10552234,https://doi.org/10.1007/s004150050478, Dieterich 1999 ,additional,CD015321-bbs2-0021,,10552234,,10552234,510,,,10552234
CD015321-bib-0025,"Dieterich M, Obermann M, Celebisoy N. ",Vestibular migraine: the most frequent entity of episodic vertigo, Journal of Neurology ,2016,263,    ,['citation-journal']," Dieterich M, Obermann M, Celebisoy N. Vestibular migraine: the most frequent entity of episodic vertigo.  Journal of Neurology 2016;263:82-9. [DOI: 10.1007/s00415-015-7905-2]    Link to article     Google Scholar     ","['https://doi.org/10.1007/s00415-015-7905-2', 'https://scholar.google.com/scholar_lookup?title=Vestibular+migraine:+the+most+frequent+entity+of+episodic+vertigo&author=M+Dieterich&author=M+Obermann&author=N+Celebisoy&publication_year=2016&hl=en']",,https://doi.org/10.1007/s00415-015-7905-2, Dieterich 2016 ,additional,CD015321-bbs2-0022,,27083888,,27083888,246,https://link.springer.com/content/pdf/10.1007/s00415-015-7905-2.pdf,,27083888
CD015321-bib-0026,"Frejo L, Giegling I, Teggi R, Lopez-Escamez JA, Rujescu D. ",Genetics of vestibular disorders: pathophysiological insights, Journal of Neurology ,2016,263,    ,['citation-journal']," Frejo L, Giegling I, Teggi R, Lopez-Escamez JA, Rujescu D. Genetics of vestibular disorders: pathophysiological insights.  Journal of Neurology 2016;263:45-53. [DOI: 10.1007/s00415-015-7988-9]    Link to article     PubMed     Google Scholar     ","['https://doi.org/10.1007/s00415-015-7988-9', 'https://www.ncbi.nlm.nih.gov/pubmed/26477026', 'https://scholar.google.com/scholar_lookup?title=Genetics+of+vestibular+disorders:+pathophysiological+insights&author=L+Frejo&author=I+Giegling&author=R+Teggi&author=JA+Lopez-Escamez&author=D+Rujescu&publication_year=2016&hl=en']",26477026,https://doi.org/10.1007/s00415-015-7988-9, Frejo 2016 ,additional,CD015321-bbs2-0023,,27083884,,27083884,72,https://link.springer.com/content/pdf/10.1007/s00415-015-7988-9.pdf,,26477026
CD015321-bib-0027,"Furukawa TA, Noma H, Caldwell DM, Honyashiki M, Shinohara K, Imai H, et al. ",Waiting list may be a nocebo condition in psychotherapy trials: a contribution from network meta-analysis, Acta Psychiatrica Scandinavica ,2014,130,    ,['citation-journal']," Furukawa TA, Noma H, Caldwell DM, Honyashiki M, Shinohara K, Imai H, et al. Waiting list may be a nocebo condition in psychotherapy trials: a contribution from network meta-analysis.  Acta Psychiatrica Scandinavica 2014;130(3):181-92.    Link to article     PubMed     Google Scholar     ","['https://doi.org/10.1111/acps.12275', 'https://www.ncbi.nlm.nih.gov/pubmed/24697518', 'https://scholar.google.com/scholar_lookup?title=Waiting+list+may+be+a+nocebo+condition+in+psychotherapy+trials:+a+contribution+from+network+meta-analysis+&author=TA+Furukawa&author=H+Noma&author=DM+Caldwell&author=M+Honyashiki&author=K+Shinohara&author=H+Imai&publication_year=2014&hl=en']",24697518,https://doi.org/10.1111/acps.12275, Furukawa 2014 ,additional,CD015321-bbs2-0024,,,24697518,24697518,437,,,24697518
CD015321-bib-0028,"Hadjikhani N, Sanchez del Rio M, Wu O, Schwartz D, Bakker D, Fischi B, et al. ",Mechanisms of migraine aura revealed by functional MRI in human visual cortex, Proceedings of the National Academy of Sciences of the United States of America ,2001,98,    ,['citation-journal']," Hadjikhani N, Sanchez del Rio M, Wu O, Schwartz D, Bakker D, Fischi B, et al. Mechanisms of migraine aura revealed by functional MRI in human visual cortex.  Proceedings of the National Academy of Sciences of the United States of America 2001;98(8):4687-92. [DOI: 10.1073/pnas.071582498]    Link to article     PubMed     Google Scholar     ","['https://doi.org/10.1073/pnas.071582498', 'https://www.ncbi.nlm.nih.gov/pubmed/11287655', 'https://scholar.google.com/scholar_lookup?title=Mechanisms+of+migraine+aura+revealed+by+functional+MRI+in+human+visual+cortex&author=N+Hadjikhani&author=M+SanchezdelRio&author=O+Wu&author=D+Schwartz&author=D+Bakker&author=B+Fischi&publication_year=2001&hl=en']",11287655,https://doi.org/10.1073/pnas.071582498, Hadjikhani 2001 ,additional,CD015321-bbs2-0025,,,,11287655,1463,https://europepmc.org/articles/pmc31895?pdf=render,,11287655
CD015321-bib-0029,,"Higgins JPT, Green S (editors). Cochrane Handbook for Systematic Reviews of Interventions Version 5.1.0 [updated March 2011]. The Cochrane Collaboration, 2011",,,,. Available from training.cochrane.org/handbook/archive/v5.1/.   ,['citation-other']," Higgins JPT, Green S (editors). Cochrane Handbook for Systematic Reviews of Interventions Version 5.1.0 [updated March 2011]. The Cochrane Collaboration, 2011. Available from training.cochrane.org/handbook/archive/v5.1/.    ",[],,, Handbook 2011 ,additional,CD015321-bbs2-0026,,,,,,,,
CD015321-bib-0030,"Higgins JPT, Thomas J, Chandler J, Cumpston M, Li T, Page MJ, et al (editors). ","Cochrane Handbook for Systematic Reviews of Interventions Version 6.2 (updated February 2021). Cochrane, 2021",,,,. Available from training.cochrane.org/handbook.   ,['citation-other']," Higgins JPT, Thomas J, Chandler J, Cumpston M, Li T, Page MJ, et al (editors). Cochrane Handbook for Systematic Reviews of Interventions Version 6.2 (updated February 2021). Cochrane, 2021. Available from training.cochrane.org/handbook.    ",[],,, Handbook 2021 ,additional,CD015321-bbs2-0027,,,,,,,,
CD015321-bib-0031,"Haywood K, Potter R, Froud R, Pearce G, Box B, Muldoon L et al. ","Core outcome set for preventive intervention trials in chronic and episodic migraine (COSMIG): an international, consensus-derived and multistakeholder initiative", BMJ Open ,2021,11,    ,['citation-journal']," Haywood K, Potter R, Froud R, Pearce G, Box B, Muldoon L et al. Core outcome set for preventive intervention trials in chronic and episodic migraine (COSMIG): an international, consensus-derived and multistakeholder initiative.  BMJ Open 2021;11(11):e043242.    Link to article     PubMed     Google Scholar     ","['https://doi.org/10.1136/bmjopen-2020-043242', 'https://www.ncbi.nlm.nih.gov/pubmed/34848505', 'https://scholar.google.com/scholar_lookup?title=Core+outcome+set+for+preventive+intervention+trials+in+chronic+and+episodic+migraine+(COSMIG):+an+international,+consensus-derived+and+multistakeholder+initiative+&author=K+Haywood&author=R+Potter&author=R+Froud&author=G+Pearce&author=B+Box&publication_year=2021&hl=en']",34848505,https://doi.org/10.1136/bmjopen-2020-043242, Haywood 2021 ,additional,CD015321-bbs2-0028,,,34848505,34848505,28,https://bmjopen.bmj.com/content/bmjopen/11/11/e043242.full.pdf,,34848505
CD015321-bib-0032,"Jacobsen GP, Newman CW. ",The development of the Dizziness Handicap Inventory, Archives of Otolaryngology - Head and Neck Surgery ,1990,116,    ,['citation-journal']," Jacobsen GP, Newman CW. The development of the Dizziness Handicap Inventory.  Archives of Otolaryngology - Head and Neck Surgery 1990;116(4):424-7.    Link to article     PubMed     Google Scholar     ","['https://doi.org/10.1001/archotol.1990.01870040046011', 'https://www.ncbi.nlm.nih.gov/pubmed/2317323', 'https://scholar.google.com/scholar_lookup?title=The+development+of+the+Dizziness+Handicap+Inventory&author=GP+Jacobsen&author=CW+Newman&publication_year=1990&hl=en']",2317323,https://doi.org/10.1001/archotol.1990.01870040046011, Jacobsen 1990 ,additional,CD015321-bbs2-0029,,,,2317323,2200,,,2317323
CD015321-bib-0033,"Jacobsen GP, Calder JH. ",A screening version of the Dizziness Handicap Inventory, American Journal of Otology ,1998,19,    ,['citation-journal']," Jacobsen GP, Calder JH. A screening version of the Dizziness Handicap Inventory.  American Journal of Otology 1998;19(6):804-8.    PubMed     Google Scholar     ","['https://www.ncbi.nlm.nih.gov/pubmed/9831158', 'https://scholar.google.com/scholar_lookup?title=A+screening+version+of+the+Dizziness+Handicap+Inventory&author=GP+Jacobsen&author=JH+Calder&publication_year=1998&hl=en']",9831158,, Jacobsen 1998 ,additional,CD015321-bbs2-0030,,,,,,,,9831158
CD015321-bib-0034,"Jhingran P, Osterhaus JT, Miller DW, Lee JT, Kirchdoerfer L. ",Development and validation of the Migraine-Specific Quality of Life Questionnaire, Headache ,1998,38,    ,['citation-journal']," Jhingran P, Osterhaus JT, Miller DW, Lee JT, Kirchdoerfer L. Development and validation of the Migraine-Specific Quality of Life Questionnaire.  Headache 1998;38(4):295-302.    Link to article     PubMed     Google Scholar     ","['https://doi.org/10.1046/j.1526-4610.1998.3804295.x', 'https://www.ncbi.nlm.nih.gov/pubmed/9595870', 'https://scholar.google.com/scholar_lookup?title=Development+and+validation+of+the+Migraine-Specific+Quality+of+Life+Questionnaire&author=P+Jhingran&author=JT+Osterhaus&author=DW+Miller&author=JT+Lee&author=L+Kirchdoerfer&publication_year=1998&hl=en']",9595870,https://doi.org/10.1046/j.1526-4610.1998.3804295.x, Jhingran 1998 ,additional,CD015321-bbs2-0031,,9595870,,9595870,223,,,9595870
CD015321-bib-0035,"Lefebvre C, Glanville J, Briscoe S, Littlewood A, Marshall C, Metzendorf M-I, et al. ",Technical Supplement to Chapter 4: Searching for and selecting studies,,,,". In: Higgins JP, Thomas J, Chandler J, Cumpston M, Li T, Page MJ, et al editor(s). Cochrane Handbook for Systematic Reviews of Interventions Version 6.2 (updated February 2021). Cochrane, 2021. Available from training.cochrane.org/handbook.   ",['citation-other']," Lefebvre C, Glanville J, Briscoe S, Littlewood A, Marshall C, Metzendorf M-I, et al. Technical Supplement to Chapter 4: Searching for and selecting studies. In: Higgins JP, Thomas J, Chandler J, Cumpston M, Li T, Page MJ, et al editor(s). Cochrane Handbook for Systematic Reviews of Interventions Version 6.2 (updated February 2021). Cochrane, 2021. Available from training.cochrane.org/handbook.    ",[],,, Lefebvre 2020 ,additional,CD015321-bbs2-0032,,,,,,,,
CD015321-bib-0036,"Lempoert T, Neuhauser H. ","Epidemiology of vertigo, migraine and vestibular migraine", Journal of Neurology ,2009,256,    ,['citation-journal']," Lempoert T, Neuhauser H. Epidemiology of vertigo, migraine and vestibular migraine.  Journal of Neurology 2009;256:333-8. [DOI: 10.1007/s00415-009-0149-2]    Link to article     PubMed     Google Scholar     ","['https://doi.org/10.1007/s00415-009-0149-2', 'https://www.ncbi.nlm.nih.gov/pubmed/19225823', 'https://scholar.google.com/scholar_lookup?title=Epidemiology+of+vertigo,+migraine+and+vestibular+migraine&author=T+Lempoert&author=H+Neuhauser&publication_year=2009&hl=en']",19225823,https://doi.org/10.1007/s00415-009-0149-2, Lempert 2009 ,additional,CD015321-bbs2-0033,,12473755,,19225823,289,https://edoc.rki.de/bitstream/176904/616/1/25oih53z9aAfA.pdf,,19225823
CD015321-bib-0037,"Lempert T, Olesen J, Furman J, Waterston J, Seemungal B, Carey J, et al. ",Vestibular migraine: diagnostic criteria, Journal of Vestibular Research ,2012,22,    ,['citation-journal']," Lempert T, Olesen J, Furman J, Waterston J, Seemungal B, Carey J, et al. Vestibular migraine: diagnostic criteria.  Journal of Vestibular Research 2012;22:167-72.    Link to article     PubMed     Google Scholar     ","['https://doi.org/10.3233/VES-2012-0453', 'https://www.ncbi.nlm.nih.gov/pubmed/23142830', 'https://scholar.google.com/scholar_lookup?title=Vestibular+migraine:+diagnostic+criteria&author=T+Lempert&author=J+Olesen&author=J+Furman&author=J+Waterston&author=B+Seemungal&author=J+Carey&publication_year=2012&hl=en']",23142830,https://doi.org/10.3233/VES-2012-0453, Lempert 2012 ,additional,CD015321-bbs2-0034,,,,23142830,872,https://content.iospress.com:443/download/journal-of-vestibular-research/ves00453?id=journal-of-vestibular-research%2Fves00453,,23142830
CD015321-bib-0038,"Mohr DC, Spring B, Freedland KE, Beckner V, Arean P, Hollon SD et al. ",The selection and design of control conditions for randomized controlled trials of psychological interventions, Psychotherapy and Psychosomatics ,2009,78,    ,['citation-journal']," Mohr DC, Spring B, Freedland KE, Beckner V, Arean P, Hollon SD et al. The selection and design of control conditions for randomized controlled trials of psychological interventions.  Psychotherapy and Psychosomatics 2009;78(5):275-84.    Link to article     PubMed     Google Scholar     ","['https://doi.org/10.1159/000228248', 'https://www.ncbi.nlm.nih.gov/pubmed/19602916', 'https://scholar.google.com/scholar_lookup?title=The+selection+and+design+of+control+conditions+for+randomized+controlled+trials+of+psychological+interventions+&author=DC+Mohr&author=B+Spring&author=KE+Freedland&author=V+Beckner&author=P+Arean&publication_year=2009&hl=en']",19602916,https://doi.org/10.1159/000228248, Mohr 2009 ,additional,CD015321-bbs2-0035,,,,19602916,498,,,19602916
CD015321-bib-0039,"Neuhauser H, Leopold M, von Brevern M, Arnold G, Lempert T. ","The interrelations of migraine, vertigo and migrainous vertigo", Neurology ,2001,56,    ,['citation-journal']," Neuhauser H, Leopold M, von Brevern M, Arnold G, Lempert T. The interrelations of migraine, vertigo and migrainous vertigo.  Neurology 2001;56(4):436-41. [DOI: 10.1212/wnl.56.4.436]    Link to article     PubMed     Google Scholar     ","['https://doi.org/10.1212/WNL.56.4.436', 'https://www.ncbi.nlm.nih.gov/pubmed/11222783', 'https://scholar.google.com/scholar_lookup?title=The+interrelations+of+migraine,+vertigo+and+migrainous+vertigo&author=H+Neuhauser&author=M+Leopold&author=M+Brevern&author=G+Arnold&author=T+Lempert&publication_year=2001&hl=en']",11222783,https://doi.org/10.1212/WNL.56.4.436, Neuhauser 2001 ,additional,CD015321-bbs2-0036,,11222783,,11222783,675,,,11222783
CD015321-bib-0040,"Neuhauser H, Radtke A, von Brevern M, Feldmann M, Lezius F, Ziese T, et al. ",Migrainous vertigo: prevalence and impact on quality of life, Neurology ,2006,67,    ,['citation-journal']," Neuhauser H, Radtke A, von Brevern M, Feldmann M, Lezius F, Ziese T, et al. Migrainous vertigo: prevalence and impact on quality of life.  Neurology 2006;67(6):1028-33.    Link to article     PubMed     Google Scholar     ","['https://doi.org/10.1212/01.wnl.0000237539.09942.06', 'https://www.ncbi.nlm.nih.gov/pubmed/17000973', 'https://scholar.google.com/scholar_lookup?title=Migrainous+vertigo:+prevalence+and+impact+on+quality+of+life&author=H+Neuhauser&author=A+Radtke&author=M+Brevern&author=M+Feldmann&author=F+Lezius&author=T+Ziese&publication_year=2006&hl=en']",17000973,https://doi.org/10.1212/01.wnl.0000237539.09942.06, Neuhauser 2006 ,additional,CD015321-bbs2-0037,,,,17000973,329,,,17000973
CD015321-bib-0041,"Pietrobon D, Striessnig J. ",Neurobiology of migraine, Nature Reviews Neuroscience ,2003,4,    ,['citation-journal']," Pietrobon D, Striessnig J. Neurobiology of migraine.  Nature Reviews Neuroscience 2003;4:386-98.    Link to article     PubMed     Google Scholar     ","['https://doi.org/10.1038/nrn1102', 'https://www.ncbi.nlm.nih.gov/pubmed/12728266', 'https://scholar.google.com/scholar_lookup?title=Neurobiology+of+migraine&author=D+Pietrobon&author=J+Striessnig&publication_year=2003&hl=en']",12728266,https://doi.org/10.1038/nrn1102, Pietrobon 2003 ,additional,CD015321-bbs2-0038,,12728266,,12728266,333,,,12728266
CD015321-bib-0042,,Review Manager (RevMan),,2020,,.   ,['citation-other']," Review Manager (RevMan). Version 5.4. Copenhagen: The Cochrane Collaboration, 2020.    ",[],,, RevMan 2020 [Computer program] ,additional,CD015321-bbs2-0039,,41699371,,,,,,41699371
CD015321-bib-0043,"Russo A, Marcelli V, Esposito F, Corvino V, Marcuccio L, Giannone A, et al. ",Abnormal thalamic function in patients with vestibular migraine, Neurology ,2014,82,    ,['citation-journal']," Russo A, Marcelli V, Esposito F, Corvino V, Marcuccio L, Giannone A, et al. Abnormal thalamic function in patients with vestibular migraine.  Neurology 2014;82(23):2120-6. [DOI: 10.1212/WNL.0000000000000496]    Link to article     PubMed     Google Scholar     ","['https://doi.org/10.1212/WNL.0000000000000496', 'https://www.ncbi.nlm.nih.gov/pubmed/24814847', 'https://scholar.google.com/scholar_lookup?title=Abnormal+thalamic+function+in+patients+with+vestibular+migraine&author=A+Russo&author=V+Marcelli&author=F+Esposito&author=V+Corvino&author=L+Marcuccio&author=A+Giannone&publication_year=2014&hl=en']",24814847,https://doi.org/10.1212/WNL.0000000000000496, Russo 2014 ,additional,CD015321-bbs2-0040,,,,24814847,124,,,24814847
CD015321-bib-0044,"Smyth D, Britton Z, Murdin L, Arshad Q, Kaski D . ",Vestibular migraine treatment: a comprehensive practical review, Brain ,2022,145,    ,['citation-journal']," Smyth D, Britton Z, Murdin L, Arshad Q, Kaski D . Vestibular migraine treatment: a comprehensive practical review.  Brain 2022;145(11):3741-54. [DOI: 10.1093/brain/awac264]    Link to article     PubMed     Google Scholar     ","['https://doi.org/10.1093/brain/awac264', 'https://www.ncbi.nlm.nih.gov/pubmed/35859353', 'https://scholar.google.com/scholar_lookup?title=Vestibular+migraine+treatment:+a+comprehensive+practical+review&author=D+Smyth&author=Z+Britton&author=L+Murdin&author=Q+Arshad&publication_year=2022&hl=en']",35859353,https://doi.org/10.1093/brain/awac264, Smyth 2022 ,additional,CD015321-bbs2-0041,,35859353,,35859353,58,https://academic.oup.com/brain/article-pdf/145/11/3741/47172134/awac264.pdf,,35859353
CD015321-bib-0045,"Tamber A, Wilhelmsen K, Inger Strand L. ",Measurement properties of the Dizziness Handicap Inventory by cross-sectional and longitudinal designs, Health and Quality of Life Outcomes ,2009,7,    ,['citation-journal']," Tamber A, Wilhelmsen K, Inger Strand L. Measurement properties of the Dizziness Handicap Inventory by cross-sectional and longitudinal designs.  Health and Quality of Life Outcomes 2009;7:101.    Link to article     PubMed     Google Scholar     ","['https://doi.org/10.1186/1477-7525-7-101', 'https://www.ncbi.nlm.nih.gov/pubmed/20025754', 'https://scholar.google.com/scholar_lookup?title=Measurement+properties+of+the+Dizziness+Handicap+Inventory+by+cross-sectional+and+longitudinal+designs+&author=A+Tamber&author=K+Wilhelmsen&author=L+IngerStrand&publication_year=2009&hl=en']",20025754,https://doi.org/10.1186/1477-7525-7-101, Tamber 2009 ,additional,CD015321-bbs2-0042,,,20025754,,,,,20025754
CD015321-bib-0046,"Tesio L, Alpini D, Cesarani A, Perucca L. ",Short form of the Dizziness Handicap Inventory: construction and validation through Rasch analysis, American Journal of Physical Medicine and Rehabilitation ,1999,78,    ,['citation-journal']," Tesio L, Alpini D, Cesarani A, Perucca L. Short form of the Dizziness Handicap Inventory: construction and validation through Rasch analysis.  American Journal of Physical Medicine and Rehabilitation 1999;78(3):233-41.    Link to article     PubMed     Google Scholar     ","['https://doi.org/10.1097/00002060-199905000-00009', 'https://www.ncbi.nlm.nih.gov/pubmed/10340421', 'https://scholar.google.com/scholar_lookup?title=Short+form+of+the+Dizziness+Handicap+Inventory:+construction+and+validation+through+Rasch+analysis+&author=L+Tesio&author=D+Alpini&author=A+Cesarani&author=L+Perucca&publication_year=1999&hl=en']",10340421,https://doi.org/10.1097/00002060-199905000-00009, Tesio 1999 ,additional,CD015321-bbs2-0043,,10340421,10340421,10340421,102,,,10340421
CD015321-bib-0047,"Vass Z, Shore SE, Nuttall AL, Miller JM. ",Direct evidence of trigeminal innervation of the cochlear blood vessels, Neuroscience ,1998,84,    ,['citation-journal']," Vass Z, Shore SE, Nuttall AL, Miller JM. Direct evidence of trigeminal innervation of the cochlear blood vessels.  Neuroscience 1998;84(11):559-67.    Link to article     PubMed     Google Scholar     ","['https://doi.org/10.1016/S0306-4522(97)00503-4', 'https://www.ncbi.nlm.nih.gov/pubmed/9539226', 'https://scholar.google.com/scholar_lookup?title=Direct+evidence+of+trigeminal+innervation+of+the+cochlear+blood+vessels&author=Z+Vass&author=SE+Shore&author=AL+Nuttall&author=JM+Miller&publication_year=1998&hl=en']",9539226,https://doi.org/10.1016/S0306-4522(97)00503-4, Vass 1998 ,additional,CD015321-bbs2-0044,,9539226,9539226,9539226,158,,,9539226
CD015321-bib-0048,"Villalón CM, Olesen J. ",The role of CGRP in the pathophysiology of migraine and efficacy of CGRP receptor antagonists as acute antimigraine drugs, Pharmacological Therapy ,2009,124,    ,['citation-journal']," Villalón CM, Olesen J. The role of CGRP in the pathophysiology of migraine and efficacy of CGRP receptor antagonists as acute antimigraine drugs.  Pharmacological Therapy 2009;124(3):309-23.    Link to article     Google Scholar     ","['https://doi.org/10.1016/j.pharmthera.2009.09.003', 'https://scholar.google.com/scholar_lookup?title=The+role+of+CGRP+in+the+pathophysiology+of+migraine+and+efficacy+of+CGRP+receptor+antagonists+as+acute+antimigraine+drugs+&author=CM+Villalón&author=J+Olesen&publication_year=2009&hl=en']",,https://doi.org/10.1016/j.pharmthera.2009.09.003, Villalón 2009 ,additional,CD015321-bbs2-0045,,19796656,,19796656,218,,,19796656
CD015321-bib-0049,"Webster KE, Harrington-Benton NA, Judd O, Kaski D, Maarsingh OR, MacKeith S, et al. ",Pharmacological interventions for prophylaxis of vestibular migraine, Cochrane Database of Systematic Reviews ,2022,,    ,['citation-journal']," Webster KE, Harrington-Benton NA, Judd O, Kaski D, Maarsingh OR, MacKeith S, et al. Pharmacological interventions for prophylaxis of vestibular migraine.  Cochrane Database of Systematic Reviews 2022, Issue 3. Art. No: CD015187. [DOI: 10.1002/14651858.CD015187]    Google Scholar     ",['https://scholar.google.com/scholar_lookup?title=Pharmacological+interventions+for+prophylaxis+of+vestibular+migraine&author=KE+Webster&author=NA+Harrington-Benton&author=O+Judd&author=D+Kaski&author=OR+Maarsingh&author=S+MacKeith&publication_year=2022&hl=en'],,, Webster 2022a ,additional,CD015321-bbs2-0046,,37042522,,,,,,37042522
CD015321-bib-0050,"Webster KE, Harrington-Benton NA, Judd O, Kaski D, Maarsingh OR, MacKeith S, et al. ",Pharmacological interventions for acute attacks of vestibular migraine, Cochrane Database of Systematic Reviews ,2022,,    ,['citation-journal']," Webster KE, Harrington-Benton NA, Judd O, Kaski D, Maarsingh OR, MacKeith S, et al. Pharmacological interventions for acute attacks of vestibular migraine.  Cochrane Database of Systematic Reviews 2022, Issue 3. Art. No: CD015322. [DOI: 10.1002/14651858.CD015322]    Google Scholar     ",['https://scholar.google.com/scholar_lookup?title=Pharmacological+interventions+for+acute+attacks+of+vestibular+migraine&author=KE+Webster&author=NA+Harrington-Benton&author=O+Judd&author=D+Kaski&author=OR+Maarsingh&author=S+MacKeith&publication_year=2022&hl=en'],,, Webster 2022b ,additional,CD015321-bbs2-0047,,37042545,,,,,,37042545
CD015321-bib-0051,"Wieland LS, Manheimer E, Berman BM. ",Development and classification of an operational definition of complementary and alternative medicine for the Cochrane Collaboration, Alternative Therapies in Health and Medicine ,2011,17,    ,['citation-journal']," Wieland LS, Manheimer E, Berman BM. Development and classification of an operational definition of complementary and alternative medicine for the Cochrane Collaboration.  Alternative Therapies in Health and Medicine 2011;17(2):50-9.    PubMed     Google Scholar     ","['https://www.ncbi.nlm.nih.gov/pubmed/21717826', 'https://scholar.google.com/scholar_lookup?title=Development+and+classification+of+an+operational+definition+of+complementary+and+alternative+medicine+for+the+Cochrane+Collaboration+&author=LS+Wieland&author=E+Manheimer&author=BM+Berman&publication_year=2011&hl=en']",21717826,, Wieland 2011 ,additional,CD015321-bbs2-0048,,21717826,,,,,,21717826
CD015321-bib-0052,"Zeng L, Brignardello-Petersen R, Hultcrantz M, Siemieniuk RSC, Santesso N, Traversy G, et al. ",GRADE guidelines 32: GRADE offers guidance on choosing targets of GRADE certainty of evidence ratings, Journal of Clinical Epidemiology ,2021,137,    ,['citation-journal']," Zeng L, Brignardello-Petersen R, Hultcrantz M, Siemieniuk RSC, Santesso N, Traversy G, et al. GRADE guidelines 32: GRADE offers guidance on choosing targets of GRADE certainty of evidence ratings.  Journal of Clinical Epidemiology 2021;137:163-75.    Link to article     PubMed     Google Scholar     ","['https://doi.org/10.1016/j.jclinepi.2021.03.026', 'https://www.ncbi.nlm.nih.gov/pubmed/33857619', 'https://scholar.google.com/scholar_lookup?title=GRADE+guidelines+32:+GRADE+offers+guidance+on+choosing+targets+of+GRADE+certainty+of+evidence+ratings+&author=L+Zeng&author=R+Brignardello-Petersen&author=M+Hultcrantz&author=RSC+Siemieniuk&author=N+Santesso&author=G+Traversy&publication_year=2021&hl=en']",33857619,https://doi.org/10.1016/j.jclinepi.2021.03.026, Zeng 2021 ,additional,CD015321-bbs2-0049,,,33857619,33857619,198,https://findresearcher.sdu.dk/ws/files/183060368/PIIS0895435621001086.pdf,,33857619
CD015321-bib-0053,"Webster KE, Harrington-Benton NA, Judd O, Kaski D, Maarsingh OR, MacKeith S, et al. ",Non‐pharmacological interventions for prophylaxis of vestibular migraine, Cochrane Database of Systematic Reviews ,2022,,    ,['citation-journal']," Webster KE, Harrington-Benton NA, Judd O, Kaski D, Maarsingh OR, MacKeith S, et al. Non‐pharmacological interventions for prophylaxis of vestibular migraine.  Cochrane Database of Systematic Reviews 2022, Issue 3. Art. No: CD015321. [DOI: 10.1002/14651858.CD015321]    Google Scholar     ",['https://scholar.google.com/scholar_lookup?title=Non‐pharmacological+interventions+for+prophylaxis+of+vestibular+migraine&author=KE+Webster&author=NA+Harrington-Benton&author=O+Judd&author=D+Kaski&author=OR+Maarsingh&author=S+MacKeith&publication_year=2022&hl=en'],,, Webster 2022c ,other_versions,CD015321-bbs2-0050,,37042522,,,,,,37042522
